left_EAR,right_EAR,Label
0.2579335294951028,0.25878719739941014,1
0.18794947435972986,0.1658623300383895,1
0.34851624209466436,0.3458101033296855,1
0.26837084146001167,0.27503664356559165,1
0.27447765123775275,0.29566402978447603,1
0.2073515531230989,0.2087041959459746,1
0.3821061575215539,0.4010923225970818,1
0.26470800782324155,0.2550852336347846,1
0.16368258168514074,0.1763718502713838,1
0.2751057888635864,0.2757488064035689,1
0.2477075093999132,0.2395657341356868,1
0.2959733412534465,0.3003199158284232,1
0.054250165946573566,0.09207928754987521,1
0.13048966987734034,0.17037528882560074,1
0.20272013074126918,0.21108461043595558,1
0.17314663831952,0.18739384250361676,1
0.3316472930257741,0.3221606457478016,1
0.3871924644890679,0.36327789540631916,1
0.02734622176570415,0.04773299236235892,1
0.22639770939946904,0.21170554141140005,1
0.23734236014632332,0.23985480990244185,1
0.3175044801248555,0.3136298872071052,1
0.24641502783440164,0.2580475761050899,1
0.2380449841558925,0.21745544091712646,1
0.26494338003850365,0.2599365231312212,1
0.28373226471792495,0.29085030010950763,1
0.16500751817667864,0.1766848322072379,1
0.24543608664164662,0.24177337436210078,1
0.23384880408746556,0.22716462636800902,1
0.20579555274566486,0.21053839385587236,1
0.29844517568782436,0.3004548835098839,1
0.05431474375919266,0.08619571002592372,1
0.020699407605672827,0.03998459912395968,1
0.23722339274606224,0.23840301934080105,1
0.23785492905196115,0.21570928813689028,1
0.07214511892200137,0.07355617341187844,1
0.25780941788087264,0.2559365293531163,1
0.21087432117615115,0.22075368337755513,1
0.19165333042601082,0.21115251640630656,1
0.38134803716613436,0.38476045188218194,1
0.05021693318341716,0.06422784191833121,1
0.20070323720548167,0.29179327064700233,1
0.254635001657664,0.2495252751728029,1
0.21097298613236495,0.19404178321753934,1
0.20504374221906765,0.19338809421575714,1
0.2807755207023549,0.2826597144000497,1
0.15441902529537332,0.18071013673299197,1
0.25217516121122296,0.24477586709545154,1
0.2676999204032467,0.2557866175500281,1
0.016282209867720283,0.03824437101564805,1
0.21477643822199133,0.19260083783555307,1
0.14932122821210742,0.1389934387450172,1
0.2762449224614699,0.2776381049965686,1
0.04318120190389514,0.06810074316793267,1
0.21498682245138875,0.198961123346502,1
0.10490217278919876,0.1992418376108194,1
0.4428355801641839,0.4153261385333971,1
0.2123871449368228,0.2109823965608884,1
0.15688390042162811,0.16847059812165405,1
0.04054865661255177,0.05743467562198389,1
0.2170163295398072,0.22777588035599394,1
0.30123170837255253,0.2604102807104918,1
0.1942018871683587,0.1806809472761009,1
0.3505942046170469,0.35514624036782955,1
0.06879658289779798,0.016674892661694845,1
0.22268728445221458,0.22494767544613878,1
0.26585358084599336,0.260719625999451,1
0.1629541335517492,0.1750653161917734,1
0.2723087738674521,0.27178390695917376,1
0.4118608349646532,0.37306088586259684,1
0.2542464719907815,0.2394220552640629,1
0.2888685150991531,0.2765204622505132,1
0.19999955840709113,0.21814550003376743,1
0.23559859423637547,0.22013850235951843,1
0.23024523438318073,0.1988930365552819,1
0.244811906935772,0.26248331773434264,1
0.2258400087439957,0.22146546036731624,1
0.09060505706607452,0.10330289341966906,1
0.11076376747366087,0.1283137878152805,1
0.2680192288999301,0.2831878645314989,1
0.2565035776036251,0.24954724650130994,1
0.21422281625387038,0.19414924006469295,1
0.3137724654269652,0.34032225255131715,1
0.21733627363566316,0.2197030917841769,1
0.19935432609794645,0.2105312289360044,1
0.1822856345496704,0.15271080471840837,1
0.23553927476993622,0.22658498112195352,1
0.15889342308650817,0.1823629348947714,1
0.053302139667895834,0.10750792842236552,1
0.24664611337706793,0.24145100858784152,1
0.23035404864659786,0.2516782464661578,1
0.2726442047617658,0.25911285816317686,1
0.17230880368347673,0.16653370059572256,1
0.16749903130863403,0.1582135449868733,1
0.24461503132592546,0.25280681440202596,1
0.09837414699757302,0.10928296951856492,1
0.03893891896101976,0.06222670365707747,1
0.2771768069185304,0.25097286071816977,1
0.1977589481148864,0.24262999277429043,1
0.4053351605780723,0.4191244620452017,1
0.33469555864168365,0.3498469818131577,1
0.12593619858861657,0.13263534752669756,1
0.3123893459728771,0.30072272599534483,1
0.010833375232225634,0.02260828681378729,1
0.018771858727809353,0.037032265092199056,1
0.22589712448851113,0.24080948162684593,1
0.23703287584978133,0.248643908302642,1
0.34131688563322643,0.37987042156013423,1
0.14715961811804476,0.16967787914816418,1
0.26915797569067207,0.24651885226177958,1
0.3651525331860656,0.4064361459452822,1
0.22474866120757275,0.214203476453962,1
0.22981366596788544,0.22483540109816186,1
0.2956646162915298,0.29524976590751867,1
0.252360691427382,0.20456977871954501,1
0.22407852834209854,0.237143980526147,1
0.22640371623033856,0.2314986882641508,1
0.025752692165554408,0.04528530992756892,1
0.38552409233981616,0.3840075778977569,1
0.22299840420411884,0.1997822465284883,1
0.20387513156242973,0.22903000405047683,1
0.2621047990788987,0.24538206631111045,1
0.16089340919708137,0.14528988358672065,1
0.07556570220286198,0.08222597567670475,1
0.00810588174030647,0.02579544697447385,1
0.20036328816555915,0.2033304597156666,1
0.26798931625304634,0.2879194807621075,1
0.2601406602125205,0.22787917120418483,1
0.3952873681320467,0.3831521159624616,1
0.06415144389387316,0.04773124791477795,1
0.23727235808715522,0.24791406979983682,1
0.18457054990977015,0.19969992699645062,1
0.2779762054129659,0.27279952459381185,1
0.24011373909678485,0.21460155051223928,1
0.23749082677895794,0.2303760714918465,1
0.2550316841115701,0.23559985442627596,1
0.328644359002821,0.32352355202068533,1
0.19064952890172393,0.20366531853925232,1
0.2512850000480729,0.22245980206588858,1
0.2544748248919864,0.279175352306651,1
0.2111826492908934,0.20099006682914328,1
0.05198072309324888,0.10404080857727142,1
0.17693040775257696,0.18214720584394156,1
0.1717981349777834,0.26889193639716324,1
0.2521886630907569,0.2622445360928042,1
0.11812041001224806,0.12811372349598776,1
0.24874418458016773,0.23213442919792024,1
0.26307819008884736,0.24521088788329343,1
0.38979219537935517,0.37577436107090545,1
0.2055131226515411,0.2180497659292897,1
0.2247789822892079,0.24437578536340632,1
0.42156393747370946,0.40240822710734925,1
0.20813413289744345,0.18106431769852063,1
0.18517928982007123,0.1672750994136793,1
0.20075006733649073,0.19197752686421654,1
0.24420948148391566,0.2587598808188958,1
0.189558692073255,0.1952045186074382,1
0.40423473339658866,0.37888547439509285,1
0.3828083768066414,0.3905041118367871,1
0.18734187791434037,0.19898278222709936,1
0.16766104260151263,0.18307533071301893,1
0.15893173023726354,0.18871483429192334,1
0.26425098112881984,0.24711446557033828,1
0.22989840886242457,0.237080837483621,1
0.19155452271800394,0.2058640252814575,1
0.1735899834689771,0.17820111404676478,1
0.3097019488797177,0.2972035630501215,1
0.15083036399662647,0.17157140767496812,1
0.2576804770030171,0.24637734503214845,1
0.25721217825199966,0.26576843633371144,1
0.32574041860492065,0.32502363349741553,1
0.23507873599854864,0.25341532823757484,1
0.10394073353036673,0.10495380655046477,1
0.24866830127267753,0.2540995852524198,1
0.40027065410472373,0.4244200992842544,1
0.28084164219972296,0.256936660933047,1
0.24270717131559022,0.2483844102520169,1
0.2400873161498093,0.2559982708105623,1
0.15316343929223045,0.1683693891023795,1
0.16432927673766173,0.15468177981964656,1
0.022595132241370566,0.06729994855584878,1
0.19419908931344587,0.18638961812592691,1
0.34088554391078085,0.33562722739465717,1
0.3464372333862369,0.3345994122990556,1
0.42606348897712826,0.4090933377880215,1
0.08745940500976081,0.07353258472043651,1
0.026663999558236146,0.038035872888566385,1
0.21488047520691436,0.22302315583851356,1
0.17453728970066365,0.1575061978186382,1
0.2172705000700231,0.19840415041534543,1
0.10260465173682659,0.10084659703178762,1
0.3417614956283961,0.33573724290768076,1
0.26033588322114937,0.2621813813053917,1
0.20300646726267266,0.18617577250013312,1
0.24091894072913675,0.22329748928717266,1
0.27795436273515317,0.27736013673019844,1
0.384029700356289,0.3704085297522193,1
0.33336567759005536,0.3343789040433997,1
0.22340306117754039,0.2073088834785005,1
0.21559815458928008,0.2181560805031119,1
0.12424600233851274,0.08049054731088627,1
0.24057405264114776,0.22032355603150666,1
0.20597370513298557,0.1954388186849798,1
0.44113842914680684,0.40901268283893666,1
0.1939247894958518,0.2007060167379681,1
0.19521312249273115,0.17708765426884435,1
0.3489086762019958,0.34670432409277274,1
0.028822154843872877,0.05103447952996646,1
0.19308464387986743,0.2014375771732574,1
0.1735748056752073,0.1809112406229137,1
0.2145213373286641,0.2189276977111419,1
0.22084706660655795,0.20288981248269208,1
0.05204648446810812,0.09981693600277555,1
0.2578745898761613,0.24087128182068235,1
0.27837543604838083,0.2942889435885134,1
0.41706373459522905,0.43427516967543717,1
0.11325623812326452,0.14991686890201417,1
0.2610635503499912,0.26189383512200654,1
0.1522011418180641,0.12714123845634798,1
0.22026511289872855,0.22726237072851846,1
0.1828680167138318,0.18806454835912456,1
0.17917050535234028,0.19573005706056895,1
0.28715306544657104,0.3106342393816017,1
0.019858914870306783,0.026772574953543505,1
0.2673707580679391,0.26105717499851305,1
0.23552390329713513,0.25646343722857756,1
0.15095316123379934,0.16489820789520082,1
0.23495428617962927,0.22545953778982455,1
0.0360030668077153,0.043589637897835376,1
0.024027543477211092,0.04434308742069358,1
0.14261546868379038,0.15068671197723907,1
0.08640874614783028,0.08046928187184019,1
0.2668238412665274,0.266390784028914,1
0.3455600566653834,0.34448540030773006,1
0.34690446708077366,0.33925269015124937,1
0.2553160939722224,0.2752357846112619,1
0.2151934361628037,0.216260312882937,1
0.20569882635027276,0.20989064851944758,1
0.28339284227629885,0.27041572775910694,1
0.018985578206966988,0.030597976552168872,1
0.21489767807329588,0.19856833657460118,1
0.039365481425772,0.06811087557826773,1
0.22788787403114408,0.23686381269281173,1
0.2577704740647511,0.26077560213359163,1
0.20286635739297318,0.1980887002513027,1
0.23084893986943622,0.23883083714593173,1
0.22781202496095132,0.25147005973543934,1
0.217548453721717,0.20665092760392786,1
0.1531638424840246,0.17541432231067203,1
0.19845250822522836,0.18136645958217648,1
0.12100813701793449,0.1323631214099022,1
0.22254470045673008,0.20257379339732048,1
0.23915115685485214,0.2330896207108973,1
0.261855978933273,0.2520217505878044,1
0.24555196904315296,0.25018437446719105,1
0.2974564581566071,0.29123209981870574,1
0.1965079402738781,0.18387690328398457,1
0.2284106541275228,0.20975700556801377,1
0.29505821132060717,0.2977475640735205,1
0.0285673903930489,0.016668444066790862,1
0.21749487203271878,0.18213753629020243,1
0.010463540732063948,0.017870318410778466,1
0.2300212718689095,0.21030276644955587,1
0.19495261485522697,0.193982628228249,1
0.21235414339002742,0.18980777504210564,1
0.2526038310581347,0.32573814943376367,1
0.24976492654387403,0.2241074253891053,1
0.3858588691145758,0.38249367070745716,1
0.17602456146651796,0.18819884013986707,1
0.26520616406269437,0.2647241684746407,1
0.2641610658118501,0.24405093298136357,1
0.3384836690254621,0.35615900318378774,1
0.24413302333588982,0.21943151755614276,1
0.20983559887643224,0.19546911118923535,1
0.20968273866804327,0.19607046310943851,1
0.025842682565091087,0.008421173084004594,1
0.2346291704097138,0.20987659957215377,1
0.39169558485166084,0.41760083626595645,1
0.4627403005101937,0.441964638676449,1
0.22874994332746226,0.21348119392375073,1
0.18812497914656412,0.20413503713006764,1
0.19857626104601067,0.20048479644055947,1
0.27828071916968955,0.26135626596041345,1
0.23853364777316677,0.23872084588677958,1
0.3348304061520694,0.33019206080184876,1
0.40623037726554645,0.40495132137047346,1
0.3698083418273263,0.37579333816274024,1
0.20002562011383543,0.18380574730085247,1
0.007517122257104095,0.018417325478958118,1
0.2648768043568201,0.2556494708736014,1
0.23629310277880342,0.22059138699504005,1
0.20431512434612925,0.19400619942181357,1
0.3993907422767166,0.42691574723467735,1
0.12828477811716113,0.08795298740365667,1
0.20903214776953158,0.18213313050277583,1
0.3041556454732654,0.3066362341234524,1
0.15605240912169532,0.17168978134970078,1
0.1931875073969915,0.18259068733585365,1
0.21339791603201685,0.2536640954585575,1
0.24134246727518932,0.2535307812248937,1
0.2833437064889778,0.2866951182362504,1
0.15572117638221325,0.13765685466566704,1
0.26886290807443347,0.24993081895686245,1
0.24685794405026787,0.25484672330556374,1
0.05492499100233201,0.020431129214488947,1
0.2019836382617617,0.190745439769269,1
0.20171279551197838,0.19418201457631412,1
0.20347313196541528,0.1853924040930479,1
0.19142492436866163,0.14470822168262676,1
0.22146328616876257,0.2210986926802185,1
0.2510546630495692,0.22220308452147458,1
0.20272246297669108,0.18346148108196927,1
0.1661405474392961,0.16645132649015315,1
0.16359104813428293,0.17170841270466328,1
0.1618736139495804,0.1824064076168427,1
0.2466446065440553,0.25166232142697625,1
0.3518344652454741,0.33861159914153643,1
0.22780908476258058,0.23459518655571693,1
0.2430685568244216,0.23621497229616967,1
0.3912254633185858,0.413897994003816,1
0.1556873517228887,0.16039610485762176,1
0.02501202737915137,0.04153720848749146,1
0.24363508495513433,0.25095147087809233,1
0.1396288168885856,0.16780191952029094,1
0.14952761723104502,0.15879280438662113,1
0.2410948684875206,0.22565955697744133,1
0.207507260354623,0.19054932735426075,1
0.3569486926170196,0.350490352593101,1
0.3597362188482684,0.3865633191927783,1
0.21278207064921265,0.21447001917668693,1
0.268996531984496,0.29205030090874795,1
0.21270521460113054,0.22293540521080157,1
0.2279643010177059,0.24035012796081193,1
0.20139705253744056,0.20681415418765864,1
0.21071928802395207,0.19126460855180447,1
0.0855528727359666,0.0821168201605219,1
0.22236863888917396,0.2189242408351664,1
0.37782261106553217,0.3822372493570003,1
0.2115558450772647,0.18632629660240024,1
0.19971095232519603,0.19119930180083214,1
0.02754558993644944,0.027537429268890887,1
0.2683764854949466,0.24729329507802214,1
0.3301774628606661,0.3221039495165107,1
0.34241877343860855,0.33791100823743003,1
0.1472093806069008,0.16779915037952017,1
0.15709253982284363,0.18029644839175368,1
0.09852439036336792,0.09111635496216074,1
0.20926559509748316,0.18768018006791443,1
0.3093465438087921,0.29673724444308963,1
0.2229142969177069,0.22716617803314243,1
0.21959542964964154,0.1974728023721138,1
0.35709206881379524,0.3752493757165662,1
0.25285032163037185,0.2691971878866309,1
0.2018930237809731,0.1875299489306416,1
0.1791579440921919,0.18565921725512205,1
0.2015519150286807,0.1874421889958219,1
0.39992563417549726,0.4197419160389571,1
0.21775883710121086,0.20286765434177664,1
0.19428416604021087,0.17307043189341126,1
0.3819687396686781,0.3994736597375247,1
0.37104655421880256,0.3925992119798291,1
0.02388893925484651,0.031114661084078343,1
0.16829664719220574,0.16969966546004442,1
0.1409287234049798,0.12619929932601998,1
0.2367969078530739,0.2665105866425874,1
0.23111158799371476,0.22117072189848744,1
0.1843496659577335,0.19518263051696622,1
0.39261161592367827,0.4029506786695637,1
0.2521785534844898,0.23841878464463753,1
0.3543899586012212,0.33837486374755743,1
0.23712212508163297,0.22777458362467617,1
0.018543434857680566,0.018058411649431675,1
0.21172874275536266,0.2006249085352164,1
0.21111398762312555,0.1670781718536806,1
0.008264899606995493,0.020395351744682388,1
0.2026710834894561,0.21735947319199228,1
0.029711698861259406,0.07903049828935838,1
0.25072186047797523,0.22772470008395673,1
0.19757225408193196,0.22734906563702117,1
0.17468175550981266,0.1792639989564066,1
0.27703025413289983,0.2886397488479611,1
0.3710931246464152,0.3477286493404937,1
0.23297910985375922,0.24023344436799718,1
0.1940060026935787,0.1734211565579713,1
0.25671426548396303,0.2774137919287741,1
0.28174235101103423,0.27686141166592765,1
0.1628073525926738,0.17115652016208655,1
0.21633864653130472,0.19912008952186275,1
0.22603183464627608,0.2149194560387525,1
0.25094277851790514,0.24001878307535512,1
0.3540620730887216,0.3822761492081277,1
0.2623041968266435,0.2603106837324264,1
0.03574358765800561,0.05088058900195186,1
0.254655222583792,0.24958232380139667,1
0.24043834433318073,0.21216790759724594,1
0.06169460685784138,0.13505738216061375,1
0.28277394913869736,0.2859921888796738,1
0.22207422792551218,0.21892063833128828,1
0.22266487502178267,0.19957353942869216,1
0.186670076893623,0.20142974160869104,1
0.00913399882799468,0.0240519646989276,1
0.2651882044240384,0.2626247463961287,1
0.18229270609650372,0.18587177141863329,1
0.21350548122697327,0.19895889437912415,1
0.24357278202548377,0.23761953083064286,1
0.26737695724305033,0.2736481389564466,1
0.19341893477562255,0.199888103675984,1
0.015928273283894623,0.017963411240034994,1
0.30091909705879066,0.2896806640266504,1
0.23842371516041597,0.2036563579697487,1
0.1504347026117857,0.1905434382104645,1
0.01529585359046626,0.028527456127377674,1
0.01899176586660817,0.04254910992143472,1
0.20729745202262512,0.2004056386316417,1
0.18581178324666492,0.1855486964873193,1
0.1303999334201882,0.2275977419799693,1
0.21493857197305066,0.23293722442403908,1
0.3622708818269704,0.38014604824066084,1
0.08973616299591572,0.10154298891208294,1
0.04467816987354429,0.030983671336959923,1
0.25422832810823454,0.25023313435023836,1
0.20346521912144003,0.19743366996086262,1
0.24705787993634437,0.2938858627211693,1
0.24647341892974553,0.2487843358643906,1
0.2922633058669759,0.2901853290700036,1
0.20170290194212198,0.20537247105062764,1
0.033236306445256485,0.05116932426646096,1
0.1985308308452814,0.18850063907225492,1
0.3646803386459049,0.38207374974435154,1
0.08114756374176822,0.07282976728087606,1
0.1931147713337294,0.20588783529619437,1
0.2570507171405441,0.24715244493222288,1
0.45700110729725063,0.426251454621808,1
0.2575349825794144,0.26807645681844133,1
0.2112245226901478,0.22623773127586547,1
0.2721446901887081,0.28087555944647574,1
0.3502491244528567,0.3370695752923616,1
0.25832256057052344,0.23671548138936122,1
0.15963537052842328,0.16448838666550242,1
0.23571230141556843,0.2231099279748179,1
0.21568800257217785,0.20652900677300676,1
0.34491327951625095,0.37178656975524493,1
0.23902665930019343,0.22541498685196254,1
0.17503574487848989,0.18500559879255785,1
0.22916567077707106,0.24587666686370854,1
0.20349503157989746,0.19037837113537578,1
0.05189301534232497,0.08413032651992751,1
0.1616094217408025,0.1830413170685275,1
0.23125556493078775,0.24093118319016146,1
0.23794070734587944,0.2452267116752557,1
0.2624716140939356,0.25165634556319055,1
0.10830010788851574,0.0714208504787073,1
0.04278326377195777,0.08568893357563029,1
0.27244387436269885,0.3003537871263898,1
0.2764607935672694,0.27110589455296985,1
0.3381246751744384,0.3383292113166685,1
0.2175178956767253,0.20365768207037438,1
0.13730736009678082,0.1132976120527277,1
0.2446797029251038,0.22931213596596317,1
0.17260745868306945,0.2232656094572635,1
0.007911469618111245,0.020112907365873983,1
0.15092796307462514,0.1381680402786594,1
0.31872720644142477,0.30936742981758947,1
0.16250647874928567,0.17409731876920292,1
0.4077539095696363,0.39505962915494347,1
0.4155442109224264,0.4389025904896748,1
0.21929891117191583,0.20111375871979725,1
0.17199410309033003,0.19307211202097183,1
0.2596246513897248,0.2403235859479201,1
0.346396126292342,0.33890029557438056,1
0.06175011954479664,0.08576671668320064,1
0.24130246976275763,0.24857881725364442,1
0.10075206476970926,0.09897015634019941,1
0.2642124998346531,0.2973488263528067,1
0.2338398451080201,0.22571519622118336,1
0.24550229926448425,0.2387619811927994,1
0.23787084424536598,0.21976963576276495,1
0.19031682420896293,0.19998295895150056,1
0.2096191901894535,0.19466932054557484,1
0.1388626845188545,0.17063358951125457,1
0.22842165459712066,0.20186823515214528,1
0.16009614530940144,0.16767845125011913,1
0.10811987391255509,0.13073336622976933,1
0.23132803691383044,0.24835445363484954,1
0.242017212739169,0.2488024224606913,1
0.22688102325228002,0.21922405138672388,1
0.049178450080588396,0.05293125455217578,1
0.3196949248284571,0.30600268354971377,1
0.07112873217869754,0.08068155235073518,1
0.020772799256863362,0.029831140397840065,1
0.2517821658766895,0.2478678288118105,1
0.00864283011930606,0.030922820670038622,1
0.3237090455556842,0.2823985753177289,1
0.27828487114322037,0.259302279719332,1
0.21809185926013183,0.20029192538060905,1
0.17140000344720754,0.18216862883065696,1
0.2941806924406601,0.2918246091918003,1
0.10240416835291781,0.1717422251987849,1
0.26148865940907623,0.2563581337691857,1
0.23889058031014795,0.23462357415462087,1
0.23159432544797617,0.21415269530591272,1
0.19572464032398515,0.17896885676801555,1
0.22058822712051787,0.22854219842720833,1
0.043253322721167824,0.009027771715664315,1
0.2285762708616111,0.2523508003132828,1
0.27031108974662216,0.2708169417411941,1
0.21561795280248777,0.21572590788638252,1
0.17690352063583328,0.19277766926018935,1
0.053138182104136115,0.04541410288904668,1
0.2656391264383898,0.2628873340584086,1
0.3425318190457748,0.33869703724431993,1
0.2989478861616845,0.2866990635857445,1
0.25552727725544955,0.24019087319272964,1
0.2084559909940628,0.22280296091133084,1
0.12514893985050343,0.10918454677109557,1
0.2541989744539184,0.19700189620560934,1
0.27453240716617067,0.25115357957728984,1
0.2172399406248056,0.20296573955141986,1
0.23879330510539715,0.19337046580779158,1
0.21833870975004363,0.20064023774534506,1
0.0842196231433373,0.07863851534904427,1
0.22032172150407364,0.21890062241730737,1
0.419183276258953,0.4032912136770115,1
0.16784978204436884,0.1804186955323524,1
0.08656338136062322,0.057315326041372745,1
0.37343340613376513,0.38965374720365753,1
0.02424582315825255,0.06449787085489095,1
0.19206651346361128,0.1765100936127278,1
0.14204842459283915,0.15387090379889648,1
0.03190902871253727,0.04280798443022811,1
0.23911292069281662,0.2625781946011763,1
0.266298018091345,0.2560596110951443,1
0.2514774394984628,0.23440046133734144,1
0.10614649814014644,0.10579039168038114,1
0.28585389368859043,0.29541123170307015,1
0.38098786307985405,0.3956248704259452,1
0.2394029710635381,0.2523501505510117,1
0.20309258170340827,0.18273182132658464,1
0.2402113462336545,0.23029160001444837,1
0.055914406869467435,0.03350058640097994,1
0.2121928104098181,0.20192415363574817,1
0.21756676045881151,0.20166624397333216,1
0.3608124747533055,0.3396915381753628,1
0.24035648066520252,0.20162964284429918,1
0.09429631901714429,0.14528319212060745,1
0.40740843361430934,0.39353997073022157,1
0.22727975242003232,0.22044478467250442,1
0.264784141755734,0.2797639445067625,1
0.10767027962074426,0.12855070239062524,1
0.2683654487134574,0.2521870569719799,1
0.2552729974050844,0.25099074472659205,1
0.3531680756784744,0.3407692989158016,1
0.21849835011292576,0.20778433792448855,1
0.2622625395806995,0.2356870145861746,1
0.17231580576170977,0.15940761636924605,1
0.20812453875896333,0.19079252944845032,1
0.2247713172356096,0.2011186394566985,1
0.2684168475997538,0.2567831201462523,1
0.2402267101684429,0.21540673008115366,1
0.4632810388099417,0.44171723726854184,1
0.17946855140973214,0.20254856824985584,1
0.25590932046117687,0.26924021015906013,1
0.13186872109043643,0.08116503802181908,1
0.2671162094284698,0.25012220615379227,1
0.22863609277263605,0.22367443418711352,1
0.37705126745479556,0.37803015363608666,1
0.3395362592010119,0.3653504339877122,1
0.42964597856356956,0.41776829344593475,1
0.2410923076193011,0.23276835200549373,1
0.4104410533837908,0.4282897993746282,1
0.22734721359930826,0.23328642434243607,1
0.31200903062279406,0.30740849979303797,1
0.19088096561012974,0.19676876467467824,1
0.26597528027086637,0.26040028590147907,1
0.2016968121486142,0.2009042339446706,1
0.23408805762059473,0.2369172871766305,1
0.3432964745403679,0.32940759592981506,1
0.29772561498420513,0.2781193460900159,1
0.05059845134229545,0.07576448005989904,1
0.19496217329274027,0.19523324181254156,1
0.28521116691793025,0.2952100215975773,1
0.32082752709324897,0.32167154313603863,1
0.08268508325498355,0.11451256178462094,1
0.19084543145673097,0.20025827647225702,1
0.1656288487420219,0.17997773045976662,1
0.19787829118643438,0.18793923927632977,1
0.4445392777144324,0.4686869015385174,1
0.373029724246362,0.3902563892086747,1
0.022840894507139452,0.013626713158952556,1
0.17577448966188272,0.12935942693317068,1
0.35514023122273486,0.3506561455292932,1
0.3369584023451023,0.33578752000807116,1
0.29204024938749723,0.30627160360933586,1
0.2757449105177069,0.24892518142274006,1
0.2726392151275946,0.25603113340397204,1
0.17535722117003436,0.18475816428464087,1
0.34915043629944703,0.32907810615617794,1
0.2777811380816857,0.29259960984054884,1
0.35800420690904117,0.38845232981542693,1
0.2544778791325342,0.2688149409649952,1
0.12132793631804366,0.0992022191608507,1
0.25154433963037887,0.2690979653633705,1
0.34036539566499624,0.3313081436054492,1
0.2384571657018476,0.2517558462626973,1
0.19313398272576868,0.17365557663911746,1
0.24810841411704795,0.2731890114312502,1
0.2609164964134775,0.24374814017825577,1
0.24118967354745777,0.253450305781087,1
0.23233034913250758,0.23235221013830737,1
0.33023874447099544,0.31538386315464495,1
0.17495760768718402,0.1675694508922618,1
0.40308822886749013,0.40805707570036975,1
0.22782490274234918,0.21954386623768718,1
0.24466752581995665,0.24849393936417605,1
0.18858377760784908,0.20361958999002738,1
0.26578789323892416,0.2691983601501282,1
0.2247766191072352,0.21491034950577312,1
0.3476219728475048,0.3458969891592599,1
0.1877484054060556,0.1764111789420835,1
0.21850621006159002,0.23180681645434728,1
0.15924327722522005,0.18971241337737818,1
0.18229174421357566,0.1947974926887406,1
0.40951889068048153,0.3874252076747035,1
0.28108163312462736,0.27941624564580614,1
0.38202702141749384,0.37366562943979403,1
0.17271371275248432,0.1634410231642168,1
0.0788827632575549,0.08520808933634186,1
0.265814140090627,0.2784183392303787,1
0.3044091238924575,0.288868766635413,1
0.20671037293147848,0.18803059904042194,1
0.20624523899750852,0.20240631125115705,1
0.22197708215821216,0.22126105114999317,1
0.2110919972684586,0.20852919736846476,1
0.17104818919949427,0.19402967157239717,1
0.22480001805797256,0.21459187508141103,1
0.2435745835741006,0.24606506738781478,1
0.07706542908172927,0.06217902362670281,1
0.03886663870456852,0.013474498662534801,1
0.2098073485521045,0.19194067167043866,1
0.21957468138872124,0.24303847284209443,1
0.42601818152069204,0.41944489855177636,1
0.34174920444837287,0.335117555629661,1
0.3494361804172425,0.36902509773110753,1
0.3556114087715149,0.3827110939158225,1
0.047543985909255834,0.06386751780073727,1
0.33581235392084346,0.3319263768886744,1
0.1878075508994403,0.16972679448194428,1
0.2238551569196635,0.3082405735275085,1
0.21205589944693612,0.21050800894499713,1
0.28306469643571497,0.29067904301374026,1
0.2080721725916937,0.1943773157695142,1
0.14708532880506647,0.11826339815072243,1
0.2588784159369147,0.24456819908165034,1
0.16536171604417843,0.1860107110047181,1
0.2344607425666823,0.21718086903890146,1
0.2754675814756081,0.27856925647772873,1
0.04271011257494877,0.11126591615106017,1
0.19257550901505796,0.2162109615142493,1
0.1523836527643285,0.16403716679952066,1
0.31806700885350586,0.318138518082117,1
0.26043156569970705,0.21913303017054203,1
0.04251661907328445,0.047011038186409074,1
0.22980681350430093,0.21801231083694017,1
0.2987120697493012,0.28376555954675514,1
0.13734986931160548,0.14534665215168494,1
0.231544646343596,0.22077189290775892,1
0.23411812488163877,0.2470396410706051,1
0.2273680335175153,0.2302136309723674,1
0.03300076329166923,0.05048837584936712,1
0.22742527969135665,0.20170711131501745,1
0.2616378003378534,0.2683873738357703,1
0.2493950884007126,0.258344347619129,1
0.23130858657422756,0.22137734116319605,1
0.2307925611084911,0.22470095769252021,1
0.06453957056067496,0.06383985775537018,1
0.20704845233192312,0.1882446650343314,1
0.05256744173498979,0.0940220243625463,1
0.25539266623424184,0.3049538219429801,1
0.2024472341180306,0.24911060905437432,1
0.1631308140526728,0.17000294157346202,1
0.18811651301070895,0.1749102135409351,1
0.4805582879412296,0.46145244911359606,1
0.20245300528036134,0.19143998173848872,1
0.2288011655546495,0.24102200474362265,1
0.19982573885059557,0.22098520648296197,1
0.2153016027441446,0.223981998904038,1
0.27355905563291033,0.2548883568187435,1
0.19227076926212974,0.17141053466034598,1
0.32650238837887763,0.3349004501409844,1
0.17835307188912214,0.19863260307735922,1
0.1979000606560197,0.21304872759270752,1
0.4351334536929826,0.42925006114081227,1
0.3679223529982565,0.3879872378227897,1
0.05983112062712371,0.09579575118221778,1
0.2318157828192514,0.23005751564151505,1
0.2571431151137998,0.2544611326968744,1
0.2302542490059542,0.24161675282815498,1
0.3482232085872008,0.3460878239570711,1
0.225968590855029,0.23046258661033261,1
0.2323885114097945,0.24414395005694844,1
0.23661239312534701,0.24847163989076324,1
0.2595320369782422,0.2111524546990131,1
0.24920338366591843,0.19731545307878667,1
0.2793227661477949,0.27854991301107984,1
0.27064851016146585,0.24443718714920723,1
0.25898702813781815,0.24583190280685865,1
0.15692965925905641,0.18176385340077242,1
0.09025974833527475,0.10021834510386914,1
0.019770357613186944,0.03809534625720097,1
0.4080449361458597,0.4020404597451391,1
0.23381922034676492,0.25696451289976996,1
0.21523147421750824,0.203914441977287,1
0.0692156323110383,0.06221203875142731,1
0.21093176934360464,0.21836935797803927,1
0.22390456908119027,0.2334248636279034,1
0.20079220457695582,0.18850163406435103,1
0.24271324401057007,0.24345371525496465,1
0.1632245553868297,0.17788720816401993,1
0.2640360985846368,0.26930496563968515,1
0.45156697175509014,0.4542403192059096,1
0.03463014151434822,0.04229133301111617,1
0.3157858215130294,0.3176062967025078,1
0.23855400148175016,0.21740763948177122,1
0.35430442438846815,0.33704687658968413,1
0.22981402960007594,0.22147107166980043,1
0.23519021056279465,0.22718850332110765,1
0.21173840527731944,0.21923295818773564,1
0.14414352068202735,0.12160303858217555,1
0.39185343388619015,0.40569050689325664,1
0.178915442004009,0.16775420466319718,1
0.137488485555175,0.15853771487845533,1
0.08638078446014055,0.06420999391829393,1
0.22669392132222407,0.20991994334009073,1
0.17369934463305955,0.19328895417497255,1
0.1890590799063977,0.1962578394243962,1
0.07188935519207926,0.10473078135030843,1
0.17278036020050663,0.17132968084021782,1
0.049730874998671196,0.0641996465080015,1
0.24518568611851058,0.2381875188308246,1
0.40629555330140815,0.394552498556419,1
0.25548739423377353,0.2556663638584907,1
0.22473178039013955,0.19007740404714668,1
0.05656477903098098,0.15690068811270308,1
0.2613313879437305,0.2548102181156928,1
0.2945135511599136,0.31272875522167154,1
0.26126377652094024,0.25337394022442333,1
0.2719314062799268,0.28015136193652296,1
0.08608195874562867,0.08154805525105134,1
0.2418579429230374,0.24163841499625996,1
0.11585613077648309,0.15142534537698513,1
0.115566985470133,0.0999133891080982,1
0.02474089685834021,0.03003140184804387,1
0.28638621870311703,0.282924923873959,1
0.3541138613475626,0.343678819165179,1
0.22290765478763075,0.23848584586485042,1
0.2327567642350079,0.24467448685773424,1
0.23758430867747263,0.21825465609593672,1
0.2308858217308076,0.22611636316972963,1
0.3930429491349938,0.41410709162191783,1
0.2247458102977973,0.1810716873383052,1
0.16779223831696813,0.20634459719144532,1
0.3739019756619532,0.4089321224418355,1
0.06796779893303742,0.06260784567082123,1
0.2327488617874052,0.2558087549607493,1
0.16457652890726587,0.1804339149812006,1
0.21309436794211292,0.21448780266021444,1
0.2668501373145351,0.26517695663720803,1
0.22604114024148644,0.23476416114682772,1
0.26116005375475265,0.26579595673038686,1
0.26029404872377593,0.24864536543167887,1
0.35650519458365604,0.38412129420174934,1
0.3410657310271941,0.33208057478581426,1
0.29265570555501774,0.2997988588925367,1
0.16780006289884633,0.17418003979002467,1
0.014555383307227698,0.04685361871100935,1
0.21722652228296202,0.2384957547009226,1
0.22916261977733252,0.21986434221978887,1
0.23951384659150862,0.23545578469887507,1
0.3149946579596232,0.3001706522143732,1
0.2322515469180182,0.2387448359423362,1
0.26409840727264255,0.2534223162649197,1
0.21831941583976028,0.20110062507236348,1
0.2422203822194237,0.23657668117492345,1
0.20582850936152577,0.19809100443653896,1
0.2697987766595402,0.22888553008702206,1
0.34106780397807424,0.3313546057730634,1
0.025131707308944092,0.04449045397371209,1
0.23123008295776235,0.2077091503773862,1
0.3870645082018939,0.4106696283656911,1
0.4879315949618786,0.4519093010889236,1
0.20387531545782686,0.17318069044965434,1
0.3842991316755781,0.3843307358826044,1
0.1629233784324117,0.17548727205879694,1
0.2401976372371943,0.2234132925132407,1
0.26048635028956396,0.2466079462275103,1
0.3945686687676426,0.3756046422706957,1
0.3851476002268584,0.40006704976650515,1
0.2462947203869619,0.2196549574987132,1
0.24640249773378398,0.25636546875369653,1
0.28126399530523777,0.29125335395713037,1
0.21177722369038124,0.20482101903862113,1
0.1943224230689168,0.1820574709202854,1
0.07471004945709049,0.06214295156996147,1
0.15737771361677,0.17768112046652554,1
0.12559363287483688,0.14225932790114815,1
0.1770187334796008,0.19149997889948783,1
0.1892308453189613,0.22069344046702968,1
0.21892568066461957,0.1952384961756158,1
0.16288571880811364,0.17867071196790155,1
0.33147486613363464,0.34174722736880053,1
0.35358840301207706,0.3406167751684565,1
0.09978980307470982,0.1973780624453023,1
0.16277851298620308,0.16938439530354593,1
0.021905115707906812,0.03874373969409958,1
0.26346197098423785,0.25479079666681376,1
0.17699690317362773,0.1895940173366104,1
0.2584790378358508,0.24846037177079236,1
0.26264879840790817,0.27655956854083746,1
0.22090531141822115,0.1995910745740549,1
0.33955406625577444,0.33852999470947126,1
0.2631638544304723,0.2538307002968007,1
0.24019888769651984,0.24009054987624417,1
0.16279803620844727,0.16967141182569237,1
0.06786243987826641,0.08680254297774169,1
0.2355405627626505,0.24437749934914343,1
0.17673905022061295,0.18739505558535804,1
0.24482414414911968,0.2300507909573609,1
0.31219896626022703,0.3010832105836401,1
0.10284506595007022,0.10683637757287338,1
0.05792493849307259,0.05714270910551154,1
0.163881833304652,0.1768958881257838,1
0.14058250344941775,0.11040440098121661,1
0.20063635084574036,0.19697250610444658,1
0.18734890619623748,0.1651696167570408,1
0.26513696555798244,0.26921273341227686,1
0.4552669472256378,0.435863053025707,1
0.18132561501244865,0.17289656547294352,1
0.23492593367502929,0.24938240016282393,1
0.2204130889812495,0.20447111947545582,1
0.1758027785475235,0.16770683992774918,1
0.22881117902695394,0.22926852197796013,1
0.33921768676064257,0.36942815022258463,1
0.24404151563828652,0.22879588887199342,1
0.2102122508133745,0.19721095511832662,1
0.2698340403361852,0.2551529790137493,1
0.32766355334280517,0.3549054684470812,1
0.2804318299850891,0.28401267494382887,1
0.19169158130177377,0.17607034212516212,1
0.39525631244959836,0.4144743867492344,1
0.19971879014386823,0.1929120535989724,1
0.23568191949060288,0.19719465421549165,1
0.06394388091612396,0.06786257724183165,1
0.15646006987874317,0.1626226757583202,1
0.2379423155209584,0.25298527979687635,1
0.24247480862121037,0.2606307916538475,1
0.21920535917937453,0.20219524891225335,1
0.2052379537451131,0.21343637903661955,1
0.0708532979554111,0.08174073784380675,1
0.2618784450701398,0.24945789715074604,1
0.10296430510148652,0.14449061216019454,1
0.26559901337526665,0.2594308127525249,1
0.2530514954251045,0.24883305699457575,1
0.17803678563606087,0.1610198379334567,1
0.04822558988165959,0.09162623082710948,1
0.2455346287703175,0.3126415227172539,1
0.2932730723007439,0.2865082634287999,1
0.2573379421050392,0.25284435735827104,1
0.20717655705040075,0.19279955441949587,1
0.16188143225375268,0.15072874163633235,1
0.2691253267567965,0.2812092343676507,1
0.25650683500934873,0.26593671953706416,1
0.190789370646318,0.1664786958580143,1
0.23279472606573012,0.22519123487460177,1
0.331426633246767,0.32906978617993243,1
0.2115638204447711,0.22108431436692502,1
0.2837725548162928,0.2847816351448362,1
0.3964203958180279,0.3865356222585529,1
0.24379523300587994,0.2142314105997668,1
0.22188129382553962,0.20655406699630507,1
0.23280991059910672,0.21212909094289797,1
0.2709451484956041,0.27115287369389135,1
0.13429856879545654,0.17154665916047007,1
0.3126523226589201,0.33647761201744786,1
0.28901882855573496,0.3188750900331227,1
0.23873081862135034,0.25047022055153517,1
0.23636281310733995,0.22535640965049622,1
0.051807405100502295,0.0428009645656334,1
0.4049752428494854,0.39681157793526234,1
0.27140571589028734,0.2795157175423204,1
0.2651061839920095,0.24931297014147344,1
0.24674199528995294,0.25726664975978336,1
0.1919361699428771,0.20076613793622564,1
0.14673279941972264,0.15607742849411063,1
0.0989209795187646,0.09893525353954624,1
0.24814172226535108,0.2551421696154265,1
0.10705420032811847,0.07394980960557211,1
0.1553305531357776,0.1676844487767087,1
0.17778405511822443,0.15529187777346173,1
0.0073017824905384915,0.029223758159361755,1
0.2617733757341976,0.26282363700012,1
0.14721070184248397,0.1608170392295718,1
0.19642846461562216,0.19893178319060553,1
0.33015743226973165,0.31751195984968505,1
0.25179296375018695,0.24066397471664044,1
0.24005204791952695,0.22226414616025916,1
0.2698221210505311,0.18984586132295486,1
0.24664954307428985,0.21534583835457707,1
0.2741704365267911,0.21518800714364894,1
0.20519013029403085,0.19611630250223305,1
0.18730021195225674,0.20282833736225211,1
0.2968580164343925,0.29941074618143326,1
0.2296233201054189,0.20598917736657477,1
0.09331295582724673,0.0761840482716366,1
0.19578958578442676,0.17318582130665205,1
0.26655630932097363,0.27301486886246473,1
0.18547526983134813,0.19938887635739433,1
0.26713767517502035,0.25551623832990594,1
0.23771386587115234,0.254845976896731,1
0.22040098482522055,0.24312777846398423,1
0.2481792618006348,0.24294924682420257,1
0.23241448706072595,0.21881710039179667,1
0.17044613868373526,0.1734627701306767,1
0.27251649321044485,0.28828660209417306,1
0.21467053887223117,0.2046530951145017,1
0.24146155193115024,0.2392915905044578,1
0.1941639207188621,0.2141108028801329,1
0.2002007067623023,0.2188723978905264,1
0.06931612950261598,0.07567042294685725,1
0.27103291383797956,0.286410507839809,1
0.35637311585138876,0.3721434245393582,1
0.01501360399708416,0.0856351867538524,1
0.01587962467800474,0.08513310015480689,1
0.34443894167972855,0.3668468457631254,1
0.21239459101337063,0.2046365154784683,1
0.21088271907352685,0.21831644870893827,1
0.20222527468323964,0.2067978013211882,1
0.1590121311944309,0.17123050835413325,1
0.1488466933219196,0.16390867657906655,1
0.42432668404699386,0.4045659919375619,1
0.16207791822073736,0.15820944006489832,1
0.2094951201302914,0.20009348708755714,1
0.22792896628820325,0.24919928460026824,1
0.3351692924833757,0.3271805956923657,1
0.4062313639231175,0.4208173485478664,1
0.05437040076130385,0.005870610841426113,1
0.06545188122719778,0.05397253588151603,1
0.23572910220005283,0.2219164115821445,1
0.1575189038542179,0.1842665784986651,1
0.25975302670363565,0.24449176122757205,1
0.28724479034482336,0.2806409348909309,1
0.1814175500412705,0.20570683502541268,1
0.18756146512066432,0.18752345554510383,1
0.24342924660761964,0.2245108436404776,1
0.3381042300068285,0.3597135286741584,1
0.08776128095780898,0.13387916221565213,1
0.23173557126951683,0.23767061703160283,1
0.24022026237262467,0.2390752338921015,1
0.40150153950794865,0.4041172577512793,1
0.24240856195161106,0.23709143378414158,1
0.20173842885291865,0.20530583156745286,1
0.35833534918082155,0.3408999593788607,1
0.18172780424759358,0.1643519775702114,1
0.275600743884437,0.24768826800971208,1
0.18916956614384497,0.1985308757387284,1
0.03805130665617669,0.034599338598460636,1
0.2126930414189018,0.2533998641875936,1
0.20982983584759274,0.18588074827333292,1
0.22768716709792725,0.22636715450129252,1
0.28215487190310445,0.2575360910484795,1
0.22646781870301033,0.21148198354502817,1
0.381329856319708,0.40478836236955684,1
0.28627886721984275,0.28616280755379897,1
0.21324492312955248,0.2198072901598152,1
0.2399908884911192,0.24011546642573237,1
0.23623918527100324,0.23427395478787036,1
0.28342319488275813,0.2773503956611308,1
0.24103607746605163,0.22895068421907067,1
0.24364063496801644,0.21836647438969664,1
0.3502858165524371,0.33084332159261987,1
0.2776907256313152,0.25341950343197983,1
0.2195411021883725,0.19686129643092173,1
0.056499469666720696,0.057794613560041716,1
0.25129191522452476,0.264219709753929,1
0.23095652808587683,0.22374382638597465,1
0.1947968446704427,0.18457928668437337,1
0.33740454063477776,0.3320561294874536,1
0.2332377518464724,0.23341541953847414,1
0.19988576435098074,0.19077744574805186,1
0.4099143089893343,0.3849806699877518,1
0.11443495370324414,0.1277475788550946,1
0.07767151789892653,0.061532049601479594,1
0.24532563615244476,0.2502340170897547,1
0.10483945947874697,0.12675110794652084,1
0.15373636019378129,0.16587576737419157,1
0.2109807277495472,0.19441897466955865,1
0.01248291350731023,0.030884990026156814,1
0.2788939731143297,0.2880518235330186,1
0.21658589874426437,0.1929331305375339,1
0.2433419973891479,0.24861803694552348,1
0.3445552396196683,0.35818192019082046,0
0.2377744166614849,0.2620362577008525,0
0.40919776735955443,0.395873661932737,0
0.3070653676688331,0.30239364257192464,0
0.2406209191143857,0.26090624812959223,0
0.2541319763890961,0.2451775527145172,0
0.3174660433218613,0.3167399076828824,0
0.43302685708268646,0.4329702192463772,0
0.226990137440662,0.2243886214701209,0
0.3988321785587166,0.39550375904529933,0
0.22763170075914688,0.22622628530772837,0
0.3569310915744884,0.383565492243114,0
0.2522560056578482,0.2583697669980494,0
0.23846095788159619,0.24015821400824264,0
0.24381073502900863,0.2783936103887098,0
0.23650630492071728,0.2524292331632789,0
0.23773231395280453,0.21910031045781744,0
0.3035259921185823,0.32014000637275813,0
0.2036183757817841,0.20337472267201143,0
0.31415944821675207,0.3116146564113384,0
0.20130426081986175,0.2062144911979575,0
0.1054798879982476,0.13453862070655986,0
0.25580949073907533,0.22043371010855023,0
0.20616837008591676,0.2392723107625651,0
0.21869248388469584,0.21905630078930557,0
0.22469813054443089,0.21415416734058854,0
0.24182766514290366,0.2547298051782299,0
0.25045340580356895,0.233959101279475,0
0.2789298717696104,0.2793039176011779,0
0.3775357261646594,0.37491161860942945,0
0.23840722985732718,0.23547952416197315,0
0.15258035208536241,0.13744994127329663,0
0.30891164735029947,0.30890028236912964,0
0.23508610938195426,0.2364087278870123,0
0.3089109533119417,0.29188169109787193,0
0.24697344533461735,0.24980956215840677,0
0.20322995085490864,0.23331239450655378,0
0.1896774135366854,0.1902564808452372,0
0.2612637001763873,0.25123066738860356,0
0.29781811788845775,0.3112469385536672,0
0.25161645142830075,0.2621833691154859,0
0.3666923857803631,0.36532089397322726,0
0.19549441127315947,0.2016395573093725,0
0.3051492283626348,0.30404575801955175,0
0.23502370468701866,0.2479958884787436,0
0.22328500460531614,0.22362298203517111,0
0.30891606548128603,0.29103154369234496,0
0.2657123847092225,0.26512383674020484,0
0.40636913542865744,0.39829851815996986,0
0.2192621515657078,0.2559985386300803,0
0.33367478198817924,0.3159105755266458,0
0.3368376153695142,0.37047729047393096,0
0.011981817691882037,0.011645728025977912,0
0.2213038565878619,0.21751026366321008,0
0.23161593477681805,0.24240673593589054,0
0.25680988195071636,0.26551460270693705,0
0.3679997217236548,0.3663995006739867,0
0.2343360044002736,0.22433925497244048,0
0.33997967103199345,0.33288470394621317,0
0.19866137747436807,0.20125883749913803,0
0.2603069318180628,0.2929965592197813,0
0.2945032722463533,0.29305700274806884,0
0.2945353136371999,0.29780470020267774,0
0.2318751065710038,0.22726761896651732,0
0.2407367923199842,0.23489221821111275,0
0.28428084676169013,0.26388210856515326,0
0.13925887529154432,0.1436585616982404,0
0.2690113961257975,0.24966429875637286,0
0.34912770854357233,0.37251122404472203,0
0.25420059618529195,0.24774562373422188,0
0.29164772458430827,0.26621473361698,0
0.25055671945455343,0.24665557122177517,0
0.26520721157021787,0.24261855238811494,0
0.2935685287375692,0.30888180828989803,0
0.385462226601564,0.37453059280925494,0
0.33390496186126817,0.3567506647679229,0
0.30648828456143173,0.31288005113226414,0
0.28608417916244167,0.249997125726339,0
0.21800205512892648,0.25404104035313774,0
0.38534354571064117,0.42914607042765485,0
0.2285392547000061,0.25811611149808067,0
0.2485359300581361,0.26908010516601283,0
0.3653321974221969,0.3576173972078894,0
0.3370259270764922,0.3471642448280551,0
0.37245657041275587,0.35355203121653656,0
0.20563336672835775,0.21335803871902462,0
0.2510387086585136,0.2575314266748117,0
0.22193138566974607,0.22288998387039144,0
0.2599356930193017,0.2656538635574963,0
0.29237444041958616,0.3261327893932215,0
0.25471551680763277,0.22392459488312066,0
0.3012743730635722,0.3027450062908344,0
0.18744097176681312,0.17710833188079872,0
0.22464649038817652,0.2599865958470524,0
0.2716483540736999,0.26747742552630754,0
0.27147117906153034,0.267632015781269,0
0.3011705187756311,0.30449789566301294,0
0.23011524744015027,0.22531992647177204,0
0.2558383309469673,0.2562694331046393,0
0.40972333882895584,0.40775274085290103,0
0.29992950940354773,0.2796763625086279,0
0.36556813296188195,0.393314975122057,0
0.22495237124282402,0.21966574699572577,0
0.4085381825041907,0.4017217869587326,0
0.35794130512011474,0.3468944357374827,0
0.2419435213779612,0.24715211624561279,0
0.25123578664355456,0.27283085710445876,0
0.2580633937617644,0.23093321710932374,0
0.2316604198188744,0.23962902211242168,0
0.1948206097697766,0.23607075263470637,0
0.258818799808171,0.2579122680452927,0
0.22262080027144687,0.22278360875674258,0
0.3167376739523087,0.3359213715385021,0
0.284317489581128,0.2921789551742425,0
0.3430660964322005,0.36655909364432515,0
0.2746376015823373,0.26083158611313756,0
0.29379713742844255,0.3019539262572401,0
0.24310259870294898,0.25069153001711886,0
0.3054223047925321,0.3160731683480461,0
0.23770600379315138,0.23062349531554235,0
0.1852440811441417,0.18146072146987677,0
0.2226640158799344,0.21300362723416852,0
0.30633135941309175,0.3045067029359583,0
0.2518186350877839,0.2539720721612839,0
0.44794773540267796,0.4358353289388434,0
0.27924357508705555,0.2647066485340886,0
0.20421541161884518,0.19882597212865796,0
0.3030389782554663,0.30663524936419073,0
0.23387688080350882,0.2307496102233521,0
0.24592619621951442,0.24748852487055623,0
0.3089484833468842,0.2985880631190914,0
0.27743708040977777,0.27278041556031096,0
0.38997886538813453,0.383990968489122,0
0.2473286378394076,0.2344532079291027,0
0.07329088761235131,0.061027896781687005,0
0.25946882407929767,0.25122758653851596,0
0.33077500702076185,0.3385986371222135,0
0.24897221766232572,0.2479686213449236,0
0.19552647647826815,0.1925638926327207,0
0.3132890038287926,0.2837841270192144,0
0.3006507292482352,0.2608375983633901,0
0.24331581864624283,0.26727636500550284,0
0.25564279789671285,0.24145440765193682,0
0.2870171245436438,0.26589440081529125,0
0.261650376759789,0.29845822191985977,0
0.23672745650980517,0.2587464979036256,0
0.2591940519223671,0.23768099448519267,0
0.24060710268003346,0.23351499282789998,0
0.23905459703828774,0.22622128592320484,0
0.3595063539422223,0.36557892895157634,0
0.21867037733229744,0.20732873660902051,0
0.31189998132450236,0.2865823503382099,0
0.20548124965182224,0.19309800281123427,0
0.24373799322838924,0.24621801739241195,0
0.2446087410134854,0.23438733696705688,0
0.22920112074978713,0.22179592035048765,0
0.2990068506450782,0.2805561754253961,0
0.2686996673847632,0.24866972740571286,0
0.2513881869665781,0.24717965473994113,0
0.2914777669255404,0.30458031995185253,0
0.25096722963675727,0.2566071031083173,0
0.19542178676464783,0.23397132487934058,0
0.3039705837347289,0.30478522602291697,0
0.23954793540485433,0.22876574132638158,0
0.20427787953883836,0.2530216232696674,0
0.2804322065321844,0.26485449239910697,0
0.2152014843995543,0.2514761633730251,0
0.23481733038058444,0.23231035029351757,0
0.22073816744814395,0.22730406673874326,0
0.3151871038628795,0.260278660497475,0
0.3400332723948743,0.34520679335469734,0
0.2795485803370948,0.24256869381018836,0
0.2112576342457474,0.2611029615592109,0
0.25894620834453147,0.2609211448164014,0
0.299032119759671,0.2920556166087195,0
0.3610355200640021,0.3692964544663167,0
0.297453919264913,0.2654469625088188,0
0.25093545451351423,0.23260804746052738,0
0.24791683380135585,0.25780365075317424,0
0.2961037389193624,0.30559262519946917,0
0.23836097612775556,0.24109479349002405,0
0.2359394709665381,0.2503797519403298,0
0.29872058616516106,0.27087103175229965,0
0.3981370441438983,0.3900903393576922,0
0.2920478392479629,0.32282042440024455,0
0.2633980198135759,0.2460286073760302,0
0.23348904199084972,0.22254312890900024,0
0.2194823701400618,0.25990660720317355,0
0.2569741881171867,0.23765817799965375,0
0.20070942458473479,0.23394626035281973,0
0.23994054262248785,0.23028458192813064,0
0.2661580453056722,0.24735931491800883,0
0.34606271758830454,0.35835911110186436,0
0.2613244704931882,0.25496977058183296,0
0.2894997699258201,0.2961948610232002,0
0.3046208097335686,0.3103878850091979,0
0.24737629548228157,0.2451232775746528,0
0.2102235378660831,0.2118176933765635,0
0.3364181707008706,0.3547262148427933,0
0.24874398806455997,0.25362654643114324,0
0.24396549905325976,0.24720238549378531,0
0.31401389939194035,0.3098969150644338,0
0.32770734159154985,0.3229856866620532,0
0.006504549688940685,0.018947772771341444,0
0.2507456080732174,0.24634992820269203,0
0.24430808395544554,0.27530155288194064,0
0.3209694095052364,0.28562777565160224,0
0.39917781311416206,0.38469343123819977,0
0.28388091207581967,0.2845903597091576,0
0.3367669926536327,0.3570019043454952,0
0.3679356264265802,0.39128953473841827,0
0.25605050589944295,0.24877008061588785,0
0.24158225677516937,0.233285818520663,0
0.43639049894029136,0.4291602799071292,0
0.29217333875089,0.31799750474180594,0
0.2954930222652217,0.3098077223228274,0
0.21763541683089072,0.21973107257009883,0
0.3974863126446301,0.3991718312561973,0
0.26583032847110893,0.2543248019547212,0
0.3122554661146174,0.3388034845089682,0
0.21298518447270262,0.21086923059714213,0
0.2209970927193353,0.2148724838448117,0
0.21625688838963444,0.21973620682556386,0
0.2876671404898331,0.29310171258257145,0
0.36687360284421733,0.38239550653390053,0
0.18832502098725842,0.2271383486902578,0
0.4366295609766597,0.4158894536999806,0
0.0999212563511058,0.12285248487152696,0
0.25228715247360384,0.24059348693824822,0
0.24573396573041542,0.2683615544135698,0
0.26514013210444914,0.2866050232820396,0
0.24726383534198854,0.24100182062798162,0
0.29920308301785004,0.30085417345817783,0
0.30396299519706826,0.3048485493460043,0
0.25120473435621277,0.24313308043746482,0
0.2593288771204141,0.25351711792438225,0
0.2221902001872564,0.21132732052093664,0
0.2489302187867855,0.2571552035552009,0
0.2999083683117197,0.2646861789370139,0
0.21248314247692926,0.21178720968342382,0
0.231249543405799,0.22303304083532582,0
0.21910278775356748,0.21889666213927422,0
0.23337204227272207,0.2605127785790651,0
0.2022502755802895,0.23991137088109574,0
0.2571070715579678,0.2635166373825439,0
0.22808265690516386,0.22989127093549333,0
0.21708041799553562,0.211200342885833,0
0.2973296019920307,0.29556389024910096,0
0.3153457714372838,0.30938160510684926,0
0.2433614983607392,0.22505743732220246,0
0.2143655061051261,0.22663612520156937,0
0.335322201469531,0.35379435884561766,0
0.21096303127325533,0.24420851393014043,0
0.25592272176226527,0.25214229134576277,0
0.2461660976032194,0.23898414227206136,0
0.2439129212390536,0.2202006957733916,0
0.06746188698085856,0.0721423124056257,0
0.24375462916196206,0.26046632218762794,0
0.37015195416768715,0.3686390292600494,0
0.2963068023314853,0.26244757978619954,0
0.29321533881779166,0.25725184841191107,0
0.23388083873591176,0.22542142472015844,0
0.2553021295562194,0.2459250156138542,0
0.21359583428591974,0.24427051510088152,0
0.2542817783570596,0.26942248275518743,0
0.22988078611085191,0.21787686416286653,0
0.2969824609019616,0.3121348324998288,0
0.24781558403198842,0.2625434354681748,0
0.27171181395197097,0.2938285771705752,0
0.23854328267998115,0.24326547317124572,0
0.4098458022989207,0.40649647965417235,0
0.29217392641876266,0.30234793520140285,0
0.30210794247276385,0.30506930215974115,0
0.2606568227499954,0.28854645226901704,0
0.33647145237249265,0.328748245622653,0
0.2931091854301514,0.30579980960824665,0
0.19119663040235263,0.19386619759544388,0
0.24564625424167935,0.253936320485879,0
0.24574553092775403,0.2297146602192773,0
0.28977402117592305,0.29610569136759174,0
0.2680812751378606,0.24168799588236162,0
0.2100552729343338,0.2190854769261959,0
0.2372184830499539,0.23101753372314943,0
0.268956656453586,0.27500199977523154,0
0.245474634958675,0.2424040579728753,0
0.255704818830529,0.2593648740494089,0
0.4123063199038708,0.4068799943269391,0
0.27610898413787105,0.29712328039068503,0
0.23892520673763876,0.22483606717918347,0
0.197258991380052,0.22692465763102657,0
0.3244871031100727,0.35032513940860743,0
0.24283614398922457,0.2236813345562082,0
0.21996163093241664,0.21755159459816933,0
0.41409011225211506,0.4102848794744222,0
0.2918392676617809,0.2640073963793176,0
0.2712824713521473,0.2984041874339549,0
0.1691566976084834,0.1590379760066202,0
0.32413888147573267,0.3016011681640817,0
0.36488429883490553,0.37124004859220955,0
0.17279493830807627,0.16701571875793203,0
0.27476472536791613,0.24996177076381915,0
0.2530086209989919,0.2467106949145686,0
0.2862622714918698,0.2686060355485573,0
0.2587714988087333,0.25158952366285525,0
0.2102857092849237,0.2576417124788294,0
0.2248679835049219,0.22429308839828963,0
0.21746254337983822,0.22747171229362265,0
0.2902381314684,0.25724456324743683,0
0.2877286929418982,0.26009901924380807,0
0.2574350533419666,0.2594276173290623,0
0.34410629969355216,0.3518323892607229,0
0.2629285447757366,0.25915592793311726,0
0.21740585864832515,0.22308226991651425,0
0.43082484208897165,0.41806108676580744,0
0.2573129177335904,0.26681312680168356,0
0.2469165711983669,0.22466441433663137,0
0.24605376957787478,0.25781015292380216,0
0.24721063870198665,0.23961566353045322,0
0.3342550996356512,0.28765624579141147,0
0.25488015081920673,0.25410873709052323,0
0.25164766188841814,0.24629797135934978,0
0.20362061527479203,0.2450603053819772,0
0.3998643022798598,0.396003252832104,0
0.304682315727748,0.3063968689277608,0
0.2535379607054529,0.24852567834471573,0
0.2869248587195937,0.24928375271294975,0
0.4301186395916899,0.4254216824381623,0
0.24439076845189264,0.24323432818855895,0
0.2765530307567324,0.24684119366155546,0
0.33081957876642787,0.32817314291553906,0
0.3942869622575196,0.4002464828049637,0
0.24095389597336309,0.25569065473361924,0
0.3607126935957409,0.3398148868395213,0
0.33750385318933757,0.3523335010952197,0
0.25352116274255426,0.2419162612791871,0
0.41553190008351715,0.4081309758286346,0
0.30190776181846224,0.30752759946766556,0
0.27258346628326346,0.25010806052762397,0
0.25528019357404463,0.26233979251027906,0
0.21918142641255217,0.26518083643845775,0
0.3327644396443471,0.29156093349665657,0
0.28806989820349055,0.267507478506132,0
0.3283245662621966,0.32828528678140195,0
0.2315633689464298,0.22066803012519992,0
0.246390675792094,0.2665007735213458,0
0.2135501215100254,0.2499279580228992,0
0.28594995144730434,0.24399035880129646,0
0.2350430036955897,0.2552180158584473,0
0.28769467462082965,0.31228581702953284,0
0.26542094157384394,0.29404559824105947,0
0.2725065272722599,0.3050247626300201,0
0.2486651665680388,0.24132073515571253,0
0.21351098769689636,0.25352953576317355,0
0.25294792527473403,0.22923794723222418,0
0.18563043026458584,0.16442164192312458,0
0.20893809640777056,0.2095867421926952,0
0.31545606107214264,0.31638077208614923,0
0.24567007942251642,0.23171948188597186,0
0.28637397555576544,0.2904638709000675,0
0.22932382442354685,0.23989969330886582,0
0.27394764543480676,0.27543130602789745,0
0.2436506375491685,0.23655236042406827,0
0.2545078154621838,0.2511168860163931,0
0.24084086897124327,0.2421170568602502,0
0.23085423885270087,0.2181982175635001,0
0.3055060363629457,0.30585337771964655,0
0.2576033083903157,0.28015933549526145,0
0.2543722969524063,0.26712780410905157,0
0.413071142282402,0.407984505853957,0
0.39571573119018466,0.39309342372526834,0
0.2130208520967025,0.21874906316573672,0
0.22659997898067263,0.26718453908966433,0
0.26705198917569367,0.2514904438511182,0
0.24076650477356734,0.22465821845171452,0
0.30574254026009773,0.33177258648613855,0
0.4268977305407802,0.43835901023249024,0
0.39362238735818744,0.3916599358679027,0
0.43111447798421626,0.4257833407013836,0
0.26241320849465805,0.24653554906629235,0
0.24189008166243864,0.23797140663582103,0
0.27236554555970677,0.3006305597785498,0
0.2610441032699117,0.27170488676490123,0
0.30519768267158376,0.3129575730234819,0
0.3165311208602027,0.3139527313808272,0
0.3497726388846712,0.35270004513781517,0
0.3609098043730266,0.38806755835827095,0
0.3198127688985936,0.3413429461548308,0
0.35653756763467254,0.3821447034902958,0
0.26342814840550416,0.27553086560809564,0
0.24513097226293062,0.24321347905028776,0
0.3238980274860366,0.3030856082718706,0
0.2972447933274343,0.3025241741562249,0
0.24774401600197335,0.22880154893280263,0
0.2839355751634199,0.2527840129125369,0
0.2488538780562592,0.23894924184353702,0
0.29098809839655226,0.2738621603631419,0
0.22493941782414778,0.25588822222054847,0
0.3747491813642006,0.3860477051177013,0
0.2593690340261807,0.2547566249130309,0
0.3280918685450785,0.3559811728388885,0
0.23616918644337795,0.22264686135683043,0
0.4254331306083101,0.40271659830955037,0
0.3495282030279513,0.3268197437389658,0
0.17411355934702386,0.18555056294328715,0
0.3054498831865841,0.3035873901843152,0
0.23596007270296165,0.22777332615361323,0
0.19855411458525304,0.1977086558009493,0
0.3773768555142284,0.35807871864622026,0
0.4474076738248843,0.4269073946998538,0
0.3631069014670858,0.3452579791186455,0
0.26394550594342653,0.25376990857483944,0
0.29802002645055514,0.27418385110419236,0
0.2672816387078996,0.2461739677031717,0
0.2445603532468247,0.26871506789108907,0
0.4022314932110826,0.3785470796789063,0
0.2942716275432397,0.28966559731766445,0
0.28162078491447984,0.2594604053570315,0
0.30578205469321473,0.27188576679713267,0
0.2602383899964631,0.2630190571997316,0
0.2588239684771861,0.26714849884614117,0
0.30888088819029974,0.3156124378592188,0
0.4204868841757397,0.4177902299610751,0
0.249128835387327,0.24830964724536675,0
0.2446832440774125,0.2438178380365048,0
0.2140837255965339,0.20791437841779742,0
0.2911713064816279,0.30403306580373507,0
0.44514713835322134,0.43959202334154723,0
0.33698609787587364,0.3269331666605958,0
0.3098667552758939,0.32735262291294864,0
0.17385845582337925,0.13300774975177573,0
0.3316610934789761,0.33106515771236433,0
0.32327621611387014,0.29976786794632054,0
0.21708257357007285,0.24332341339740998,0
0.3134815740099264,0.3144384793787712,0
0.3962686486213361,0.3869208166683339,0
0.2026538090320915,0.23846330646119906,0
0.2640298253289413,0.24679170244802717,0
0.27625481940192675,0.24935431187647672,0
0.26411119355310597,0.2445901112358377,0
0.335715271850601,0.35372131964521597,0
0.3239854415300496,0.31896129385203764,0
0.19889476759701571,0.23232192865853737,0
0.2929310438337676,0.30378699139444204,0
0.2926198749774094,0.27264050378405513,0
0.2615297314090779,0.2435497857879009,0
0.2795562812038085,0.24132388188449796,0
0.4091705080260032,0.40884723477921653,0
0.4061973170818159,0.3927375389153966,0
0.22619423625375673,0.21221399273726826,0
0.34189405275366214,0.3711937385958424,0
0.23477218053964471,0.2186934588691086,0
0.24264167397538192,0.2310331826672793,0
0.23560535706359928,0.2289341743919837,0
0.20729389179579752,0.2096141667868632,0
0.260811027886076,0.2684339564728299,0
0.4030466614472236,0.39256879344179607,0
0.27286142706209987,0.23998936095206624,0
0.256875294091577,0.26140429773953716,0
0.2694856091032158,0.2988603503381512,0
0.28527107156785586,0.28231409042688976,0
0.27510638878676463,0.2931989632112567,0
0.24504988617654508,0.23860264640120257,0
0.26185663363603107,0.2442424373536629,0
0.41711402094641464,0.4154340393236391,0
0.4020556233039647,0.3932152089938329,0
0.2235493466838938,0.21512295771736117,0
0.22381369623056768,0.237802157719809,0
0.17841349113265087,0.18032984499924826,0
0.24710786991518321,0.24878462746311653,0
0.20732391987277377,0.2559961758718515,0
0.019465909480905073,0.09028229715418074,0
0.23419746835811991,0.22983117150024682,0
0.21524445291751695,0.22122172767047477,0
0.11626745104594942,0.1429062779980869,0
0.2890616062979401,0.25636631310886226,0
0.28700812930581265,0.24444753468173194,0
0.3559879128939762,0.3617313211058656,0
0.23540967984048713,0.24716790687932297,0
0.30093551788352507,0.2722646937301577,0
0.3371597185641004,0.36224649520406965,0
0.41416481640264824,0.4109137137219273,0
0.4602998993679208,0.4493680157948778,0
0.24009991035344383,0.23371735277812453,0
0.19897181812725648,0.24477177228225117,0
0.4100654661640514,0.41497872735129926,0
0.3013556964725713,0.30588151178022155,0
0.20284586132622437,0.2051644140873275,0
0.09584748185118215,0.07463638571654303,0
0.31634003516875986,0.3148983955228516,0
0.27211440805186227,0.24365397389152954,0
0.2582182971858492,0.24060155018434062,0
0.2591008519660684,0.24188202628013544,0
0.24185153402461795,0.24370700546691362,0
0.23955151493546825,0.23309859468946445,0
0.2720230677821004,0.2821181299192707,0
0.26842808453978395,0.2524099465232395,0
0.2568751644197601,0.2680350123783327,0
0.1967439370878585,0.22921775181061627,0
0.20019719185120288,0.23591130143008462,0
0.2459769354328777,0.24527882491707786,0
0.40204183138393834,0.3971570322631018,0
0.23623044795425438,0.23536942826193147,0
0.27062707566668165,0.2450615319108352,0
0.2160937434282402,0.21354793906411024,0
0.30911511533305674,0.2969999071787899,0
0.3100875748222215,0.3107731057331275,0
0.2594128341398895,0.2668731545734304,0
0.26248297882306776,0.2672752945680317,0
0.3997536478340296,0.3984461667531737,0
0.4416385432376943,0.42977862470774403,0
0.19166049824213033,0.19539092976806502,0
0.2590519040340176,0.25289940903833263,0
0.23550996878059,0.2335236524929301,0
0.25665282638384906,0.26994110161759055,0
0.36748400750442434,0.37461558519686433,0
0.27469160906991974,0.2514879890977955,0
0.35743245646583927,0.366869985598247,0
0.30374358218854536,0.2947794124060456,0
0.2897993844010281,0.3007324947083782,0
0.40562948332657645,0.40633404393440736,0
0.20815647831776546,0.20269030542921293,0
0.2163948461689114,0.2198819171329412,0
0.23458469353763284,0.24638125251093776,0
0.3729857783367161,0.39447674568529834,0
0.25313687033488746,0.25058118592893913,0
0.2527099287081919,0.23609677812820015,0
0.3112848678958652,0.3135374625937112,0
0.20401157414044582,0.2041839077475959,0
0.3116072557134623,0.2995984388928306,0
0.30506647026770645,0.32203596021934083,0
0.3101784417566217,0.31459652792725856,0
0.23267825085704877,0.2343970658510915,0
0.2209801703372446,0.19406411783465113,0
0.22935644048639653,0.2109996322660716,0
0.22912532133212254,0.23925398560195704,0
0.27286943300480926,0.2539905346341391,0
0.40377781486982456,0.3945289878583317,0
0.2745537461224845,0.2738985427568623,0
0.27303296364019886,0.23716492434418154,0
0.2818381624343983,0.2564883260605398,0
0.22950311694194903,0.21594676421534226,0
0.29622454334132237,0.3222307483459134,0
0.4039315396902488,0.3985513746979493,0
0.26492029939339495,0.2943458239596286,0
0.23494145904852798,0.2728760937948043,0
0.35316565127360516,0.3623114757778707,0
0.4233719245966461,0.4071658138192378,0
0.08570225042688455,0.07633249578592134,0
0.2926206615240836,0.2504473652040421,0
0.26346532364835273,0.24496944981482413,0
0.305412302936953,0.2795649234861014,0
0.26326991069182276,0.2919653772306323,0
0.22291183441712106,0.2377842928403613,0
0.3191365096250228,0.3228099009397615,0
0.24225982407989674,0.21740409810674002,0
0.35162790240528086,0.3444491212523311,0
0.3026511315551993,0.3129328485445257,0
0.23039341716808226,0.22616912326543115,0
0.24804601700446416,0.2543486157885209,0
0.2613140903828063,0.2654556153124631,0
0.2528180285675956,0.23448303642468832,0
0.35668536676019674,0.37738913557206966,0
0.3257070828735638,0.2914170641095244,0
0.11259069315732802,0.10938890857843023,0
0.4214568731760625,0.4301751373969575,0
0.203064063570134,0.23720267605408532,0
0.32357683900091994,0.3361190835347641,0
0.40275216516299406,0.3892989838032179,0
0.31751372092680513,0.3170853154578459,0
0.22078284620883448,0.21763854200287225,0
0.34352283180653354,0.3658912871527918,0
0.2994172457507229,0.3153095861256351,0
0.24714192938455298,0.23935501837181516,0
0.27402581997305153,0.25830887739503877,0
0.32133937027378245,0.3202102822629348,0
0.1973882039146315,0.19854677861200562,0
0.28805991508940687,0.30076542907145887,0
0.22436826982882604,0.21356137782474477,0
0.25110741525281416,0.2304577431656972,0
0.31153494951605754,0.32418960666756863,0
0.29999680032455284,0.26750062831960203,0
0.29810785862677935,0.30536457965604097,0
0.35804609594049003,0.3660074124246452,0
0.22048354745913246,0.21846746709187723,0
0.25247405332755624,0.24276669257082123,0
0.3902570062622777,0.392456227684852,0
0.24141376440242732,0.24884863006121058,0
0.2868121018237059,0.2971208080179539,0
0.36623580148321394,0.3446624770819048,0
0.41205636247116056,0.4324353110137,0
0.40263349362433154,0.39172207769574,0
0.3178446911303944,0.3221982850095851,0
0.24290701525029906,0.2522516738894657,0
0.25063634724792483,0.22968521995757457,0
0.2696585558184225,0.30714283763064465,0
0.3194903843594563,0.3312952308442606,0
0.23748654478995254,0.24533706662856147,0
0.3253622368596938,0.32963257981914396,0
0.2362223362305873,0.23895591182212672,0
0.23309506750226464,0.2301224325054035,0
0.21247418712520844,0.2578009466324781,0
0.42882812019184363,0.4345651311428188,0
0.28577562982378973,0.264276102128666,0
0.4091950388992792,0.39455778123277113,0
0.22370898952410162,0.22876185458114104,0
0.27310360204116124,0.2651202880829913,0
0.37552995539861606,0.3657508413989709,0
0.2717968931866774,0.28306454504051803,0
0.21334676226717736,0.2178828865288911,0
0.40323413375924066,0.4087155764399616,0
0.4071577844313498,0.399142832017171,0
0.2195349513720538,0.26885522967684156,0
0.19863427525705757,0.19481214322534635,0
0.3003016815410136,0.2926175895455312,0
0.26987782264458515,0.27994558486533866,0
0.3419137836221505,0.28385502147786196,0
0.282739728563256,0.2414879006839485,0
0.30180049081422206,0.28779923275189956,0
0.25670737922968495,0.28700872949749096,0
0.27542279631027505,0.2927231068878916,0
0.2292138677259194,0.2619284679787373,0
0.2425316377388345,0.24669667808661416,0
0.3978625520831718,0.3967979506564483,0
0.20145118774129808,0.21795715755678027,0
0.22187169626341058,0.22559529877387377,0
0.20971522264251868,0.23748655922288012,0
0.31956423663486005,0.3321732566252434,0
0.2873869004205734,0.27069191883291416,0
0.3019229495105045,0.3112622300320322,0
0.31547546070594734,0.30778847954386906,0
0.2540473438141089,0.23113005371311332,0
0.4069391182584536,0.3982503793610317,0
0.3011010559114962,0.31256054218348145,0
0.24029222028945046,0.252975229099328,0
0.1944704100082711,0.1960443533225963,0
0.29409844272592867,0.2999553279212942,0
0.220154607037304,0.21699137642320737,0
0.25158750784916994,0.2585726800809785,0
0.4517006271829127,0.45174694399497245,0
0.19285904949399943,0.19273658424208848,0
0.22166147599082908,0.22203953091178155,0
0.22505595416305915,0.2258087910200457,0
0.2424119324481694,0.23399805321275932,0
0.2408732354345798,0.243895914503287,0
0.30941813790827805,0.32447947713366765,0
0.3761572354515462,0.3767258841167507,0
0.24550882354379644,0.2369066150867912,0
0.4032266997864499,0.39439358462470103,0
0.24203724129229656,0.2359947294484495,0
0.30796912305223684,0.3046151394590502,0
0.23752199726046008,0.23087420521830293,0
0.2262396624147059,0.21883616669301717,0
0.3058379083221781,0.30324820512920314,0
0.2687480665687461,0.24509366545954392,0
0.24942451574814778,0.24321759311718008,0
0.09341462045121635,0.07554505856751013,0
0.23810419165007643,0.24016253978611957,0
0.24900332119016183,0.24245335209409172,0
0.2690500465136596,0.25377146763391173,0
0.22972144357889876,0.22135651494192513,0
0.36680383392300747,0.3800960957138367,0
0.17814558585624854,0.15821212348393912,0
0.3071896044787902,0.3005493355560074,0
0.2170575887051095,0.2185758420446706,0
0.34752236217436877,0.36386777820533955,0
0.24327227222535164,0.2457125581883493,0
0.24098107888895737,0.2448571171442515,0
0.2929994572604529,0.3076151570533588,0
0.21327857753076176,0.25468745848079216,0
0.24391792057981768,0.23692182831881786,0
0.15524694968218528,0.19548390704270477,0
0.2760479377130824,0.28529144130073164,0
0.3948133688480945,0.40067704515731706,0
0.2478121975692156,0.257101432485497,0
0.24589316331973932,0.23433707643779586,0
0.2129195868700251,0.21441569719921957,0
0.28883629334245803,0.31817475780907584,0
0.3077584758539092,0.3295533825992986,0
0.2583610201601564,0.24981957644988312,0
0.24861948400687145,0.24284387971617805,0
0.22470374034503154,0.2553655572016582,0
0.30565951286983517,0.2621928315449146,0
0.20404353745637924,0.21040914601235017,0
0.22323527463830212,0.2183578554293275,0
0.2395010347618924,0.22581800917741346,0
0.23896267943860036,0.24368673567792795,0
0.26788993840034864,0.2646411797114688,0
0.4046388909885103,0.3948628891280607,0
0.2533548080446643,0.24896274049364178,0
0.19548519753059546,0.17774573285086728,0
0.25683134656849255,0.24058000328102538,0
0.2362344493441919,0.23641125322663575,0
0.3569661341596116,0.3841955266035927,0
0.31743822320995246,0.3220155554288702,0
0.4085454952673997,0.40418092890706114,0
0.3368924870060488,0.3484003345881209,0
0.24311941050742208,0.2424142440701933,0
0.2932673692302248,0.25981354969072423,0
0.322530331551638,0.3216689677527335,0
0.3037465870004248,0.31744190535348116,0
0.2713317267549152,0.2773685052740515,0
0.3295925153869233,0.34431682169574146,0
0.40356173374280324,0.39012160826504877,0
0.22909531446983306,0.22093109404163372,0
0.23945733258462298,0.23563504569591873,0
0.24517057447326454,0.25168850731346626,0
0.21168123319782378,0.20838016695471084,0
0.22286155165283242,0.22151935380983415,0
0.4168274776680435,0.40177317890289493,0
0.24749172569805844,0.2698028289299951,0
0.384713477890203,0.37454224799369673,0
0.3278810539833691,0.31907303315765606,0
0.25675970873758247,0.24833442047960302,0
0.2058337151679541,0.19089228990454027,0
0.2509545394300615,0.26676521182102464,0
0.4131097083620045,0.40565761063667954,0
0.3436291967757151,0.3753154825302828,0
0.26614296796065545,0.24158335127573272,0
0.2634129763384084,0.27678670500585373,0
0.30312982426104357,0.3108732693195045,0
0.39731368778326076,0.3893014569786122,0
0.07175262405942806,0.1398673431558735,0
0.300466626179576,0.31655680319426904,0
0.4224402189595171,0.4150093151923892,0
0.24190515812190622,0.2640184932045261,0
0.34886881489737837,0.32691642655561287,0
0.27337898751646883,0.27424475599502707,0
0.2668194034433016,0.2628657680671648,0
0.30493640964239843,0.30586650438394086,0
0.23570763016595037,0.2612675776258264,0
0.39950823478852826,0.4067888789452842,0
0.19813552401064247,0.23899369929548145,0
0.2231739460115974,0.20178568777968417,0
0.2503802048326719,0.2312484890921423,0
0.37185286042461396,0.4161337686790398,0
0.246764498848978,0.262712106956569,0
0.257371940594357,0.2680400432764474,0
0.30895866679855877,0.30331860327782,0
0.2561488562851666,0.24821143140719157,0
0.3214937308143438,0.3328520112522926,0
0.23661703508838983,0.2590772538353365,0
0.2928089930795825,0.2886990713710841,0
0.3088210425471481,0.30979470716052887,0
0.19969523307593326,0.24705290485128714,0
0.3341172657150353,0.2922274555925126,0
0.251305162337748,0.2624187331199839,0
0.20253341002098824,0.24337870646471238,0
0.4086536264356234,0.4066097723196923,0
0.23917632792891605,0.24348728165389777,0
0.2570679075184386,0.22644544366748054,0
0.2984196901259034,0.3059388430387425,0
0.24348938326104946,0.2398375404808471,0
0.24929663537521002,0.2585356356169819,0
0.282821633768127,0.27868072594281784,0
0.3139947248561049,0.33179726540353477,0
0.23648390895261287,0.2300373818787958,0
0.24951247056834397,0.26851990145264504,0
0.30202636046476233,0.2677895266686192,0
0.2595093609999192,0.25373224206847605,0
0.31685911275358963,0.2791288259515105,0
0.3044419354320812,0.30493539915960655,0
0.2430438668107878,0.23527916715708452,0
0.25243266771898826,0.2614302687700728,0
0.06538869534635228,0.04269285903488869,0
0.2999209910868378,0.30518603260252225,0
0.3754276591704605,0.40074007514340526,0
0.28207552378413936,0.2515454082639509,0
0.23604949885688112,0.24163976088219005,0
0.26238435993167997,0.2696943071553388,0
0.2944441480853986,0.2860058767745456,0
0.32633652166311444,0.3095480306060576,0
0.19225693511768963,0.1946661384044151,0
0.2550230393666654,0.2533009836207627,0
0.27761829446623215,0.2599266752492896,0
0.2169789883982778,0.19402377798622106,0
0.24588342280116532,0.2801485001825649,0
0.30352370143532525,0.31522676705696234,0
0.25040198269556,0.2741818808219181,0
0.32033005085296506,0.31679660103106333,0
0.41061331493496267,0.4014510397239464,0
0.28776575522791553,0.29661479052586026,0
0.23164067234978328,0.23275997665312348,0
0.25978046803143373,0.25457436489388474,0
0.32054222962077805,0.32274268417720237,0
0.1924157769040146,0.18263637461807605,0
0.20535779848420305,0.21845654007459098,0
0.30322577173865506,0.31910686695748613,0
0.31499641213682994,0.2998840528991395,0
0.2586378099700303,0.24726400867930604,0
0.24915904206773912,0.2358213444025641,0
0.3007321425411957,0.30831096433088456,0
0.2537762004817347,0.25315376687280905,0
0.47090547187989923,0.463708515919986,0
0.2050285982968184,0.2396537621465018,0
0.2961496595364848,0.2547069655564748,0
0.26100809756441345,0.28347361946122934,0
0.44791143352329343,0.44203274156872646,0
0.23294743872678544,0.24405473463150842,0
0.29483377266661287,0.26368825046064864,0
0.21297916386656945,0.2213877174809305,0
0.27818626538719793,0.2812437466364795,0
0.3215535250275927,0.3188392168526857,0
0.29548098454454647,0.30473952286745276,0
0.24771246845041853,0.24757656290955732,0
0.24798704728591603,0.26279135015506916,0
0.24975346740693138,0.2507390819979295,0
0.2555722908784965,0.26518736966083023,0
0.3287854658940645,0.3093598494504317,0
0.34477776267224736,0.36592969757163624,0
0.233459740280194,0.21518680902797477,0
0.32235478129075107,0.3466275043976547,0
0.2539273661712,0.22679054081123298,0
0.24606526289746056,0.22477625397608247,0
0.2754319547243568,0.2594844798208962,0
0.25461344603455327,0.27696790666696874,0
0.40017285045150575,0.38739837557100165,0
0.2543704853790367,0.25151579542883495,0
0.29489380669956095,0.3062340149071285,0
0.31200604399240817,0.314435297228355,0
0.2664247398017612,0.287133599800582,0
0.2952893053708874,0.29665654087323573,0
0.2078225300609648,0.17990305898096454,0
0.2834817524956394,0.28037043734914185,0
0.31790455542728985,0.31779792750159,0
0.3371329557203285,0.35577829946638007,0
0.3318632592491279,0.334315706486076,0
0.3041483426404792,0.2792934551900723,0
0.23726382911355018,0.2304793430269533,0
0.4074829902860188,0.40334879960053666,0
0.28833445829323107,0.2546945840097492,0
0.2603877223873456,0.2747805436712764,0
0.29889812728240406,0.28627023535001095,0
0.30465088268927787,0.3078007856150171,0
0.31641835426936116,0.31484472248235396,0
0.41722243841668666,0.41250716498121653,0
0.28630132721383594,0.2581675211602036,0
0.2953567555518295,0.3171962760325965,0
0.39317289919492077,0.40085985944593766,0
0.43724994801936823,0.4272578198136722,0
0.35192026664325554,0.3329774378541506,0
0.24581014799871556,0.25845262677695713,0
0.3003266311059834,0.30381042935966224,0
0.3021268767400014,0.3028957900443341,0
0.282640957083907,0.2745012976556846,0
0.2687617205527029,0.2474584432386676,0
0.3083146339439519,0.31274912821769607,0
0.25612747339454195,0.2372125440842469,0
0.315086094445183,0.31814108637721505,0
0.37801981348734365,0.3834640444557764,0
0.2429610826471175,0.23311681779074284,0
0.24543606905693893,0.2298335172509827,0
0.28325214872769316,0.2555929490899838,0
0.40896909675639376,0.3918306029292127,0
0.42700317656085873,0.4328173223218627,0
0.32689803617159513,0.31751259861503167,0
0.41663538849585047,0.3974221356854901,0
0.2305035514457501,0.22168066133557793,0
0.261668037321874,0.2427071071136938,0
0.25095204596897197,0.26610250127833934,0
0.42970004005439805,0.4335083977773055,0
0.22035059136939908,0.2091559893574619,0
0.2348048418602341,0.22260233612219288,0
0.23908585570225793,0.22915209095696606,0
0.08444266427966449,0.07463345943066789,0
0.31892748985911,0.2793947373370822,0
0.28355141317458477,0.26858137753379296,0
0.2991220539940305,0.324168091775621,0
0.24507917304420107,0.23383486011579555,0
0.3123422325958821,0.30715621690348355,0
0.2994169999599402,0.28483287018176945,0
0.23460122119642388,0.23782315960270126,0
0.2560858441107289,0.28081418992826573,0
0.24249863230724644,0.2320802741713089,0
0.24994727787488968,0.24721896701426546,0
0.1499748237420251,0.1418935937560787,0
0.21662031321006678,0.21846547914790893,0
0.2854993336423328,0.26103526747157646,0
0.24820415798011855,0.23705801380350439,0
0.24658892158035714,0.24604486192857455,0
0.22749502662827084,0.2550168565609781,0
0.36531351686004027,0.386263944276528,0
0.24917004254949657,0.254738246668177,0
0.4075226146535387,0.39753645091410955,0
0.206007745673845,0.2043684406003162,0
0.2444943001767405,0.2524643182810888,0
0.2582720567481335,0.24482238753087146,0
0.24219015318540474,0.2469765004042666,0
0.2875062572842431,0.25503613721585994,0
0.28818233297865026,0.24908182211418053,0
0.2817195494999805,0.2729376070249429,0
0.28800290887378993,0.3062510428942996,0
0.33118615310822125,0.3467847365177663,0
0.018212110731369573,0.04617875005601631,0
0.08568402723302404,0.11012166524319211,0
0.2588946614772488,0.2519291700900081,0
0.3112718468409381,0.3219408031237297,0
0.18924480538657026,0.19161126052867966,0
0.29172336536183247,0.3025703549525393,0
0.41653023936284184,0.4118226369427943,0
0.21646162012505332,0.22230496924460957,0
0.31462148296531584,0.3038272290143982,0
0.21262849286942437,0.21579629334313102,0
0.39748219517951333,0.3980424310444898,0
0.22162740106079795,0.21131056970950668,0
0.23073855357823425,0.21514265233330232,0
0.23146716889634023,0.22022050352766984,0
0.32830563482732156,0.3243887744522239,0
0.28365267819719,0.2853012003330634,0
0.3063983447476526,0.2972756444639318,0
0.25984261411108533,0.23940104014505315,0
0.40171181642238335,0.4061084656188394,0
0.2974865701764642,0.2986361818799532,0
0.29217056411146625,0.3006205132376403,0
0.2232911299697488,0.23694342691495196,0
0.3918410328861173,0.3889337415713866,0
0.3249613752098886,0.3199883611020478,0
0.2261188040307912,0.21934304660527867,0
0.2465580027990896,0.2561665273902723,0
0.34263299487903687,0.3437565092050181,0
0.22757069950246783,0.2272962820154775,0
0.25301387604474296,0.2754047993067697,0
0.4213633694566956,0.4198943958231762,0
0.2672988512248635,0.24722442693438856,0
0.26202695356667716,0.2673579986219923,0
0.25374715084306726,0.23338451176107666,0
0.33664370157466855,0.3545042113540962,0
0.367340798419397,0.36799213353754734,0
0.24143788444275197,0.22903311335436066,0
0.23104582995367742,0.23025158053469585,0
0.20854769109562374,0.1934459405530544,0
0.24731865039792286,0.28285563469302155,0
0.21268225951984962,0.21446643925860134,0
0.43028896310665676,0.4348167062500557,0
0.26451291583312936,0.27217707069083275,0
0.22841689876641258,0.2139181062008254,0
0.2850778410442631,0.2967671063404822,0
0.3119401122203741,0.3064197762577547,0
0.2537678449729857,0.2875232055288918,0
0.20620566196678738,0.21089174800557642,0
0.2508864363935407,0.2647086971751673,0
0.39186702746509144,0.3921621128806393,0
0.3555740654919174,0.351735567343404,0
0.24269093867467761,0.2504916463974035,0
0.4194365308307301,0.4100496350389231,0
0.24617946590361867,0.22569086415981732,0
0.2404183982304906,0.2699966310364748,0
0.2201344610894983,0.22346509562875952,0
0.31848525040109466,0.32162826218125906,0
0.303292158282747,0.30486334351887623,0
0.3073336801334632,0.2851010366574126,0
0.26657812306453155,0.24817542242005805,0
0.29520535963081357,0.2847403471506949,0
0.4051114091994685,0.39213974030827464,0
0.2738382377586058,0.27142130528143915,0
0.4013088222124904,0.39485637716868865,0
0.25156667065812016,0.2675556571724476,0
0.22515533956969414,0.251372991980366,0
0.4114229621072419,0.40382214355075713,0
0.24370412601410954,0.27503129432063605,0
0.19896634217943218,0.1875706094214435,0
0.30751688223715146,0.32300366176774375,0
0.29244041614104177,0.31214448701421865,0
0.24389852609446175,0.23578289202233538,0
0.23967680168412786,0.22831653867574325,0
0.21509748969908626,0.22304120757364926,0
0.22808933692980388,0.23065046365579023,0
0.2558517144040612,0.2355888930640844,0
0.24765514134085598,0.240260607678077,0
0.27916939016464604,0.24401053541643913,0
0.31480090357870133,0.31027089461552804,0
0.32211849730235703,0.3200167653879791,0
0.36475735145007143,0.385719222489413,0
0.2835672221843086,0.28684241194509286,0
0.2661130541579021,0.2591074847662181,0
0.21973343979256516,0.2293454779322015,0
0.2012209143280545,0.2373879497973224,0
0.19936271568235364,0.2074027260800454,0
0.43006645144969236,0.41759614573249787,0
0.24305853575974326,0.25031008352319634,0
0.24621684616367875,0.23354898500390253,0
0.249306729526057,0.21879067521160628,0
0.2958967935992859,0.3045146469741472,0
0.23494790285343767,0.22513253016307322,0
0.4310936202543623,0.42499840501506964,0
0.2517867984294109,0.2597463965089295,0
0.39463926905779456,0.3884534320744748,0
0.36871447751712855,0.3839499740110824,0
0.20406646686837254,0.19475128110654574,0
0.2640830456960803,0.2556319148704765,0
0.23500124493261798,0.23864789798558877,0
0.37675443112542645,0.3573768719781456,0
0.22165009857690404,0.2506563980045666,0
0.2816480437724892,0.2591802970439861,0
0.19887036924944448,0.19491575388186394,0
0.2506879265229583,0.23021952675780663,0
0.3932275279333001,0.3895344401203633,0
0.39795975839895126,0.390010531908903,0
0.23692928124655882,0.2614228449839564,0
0.27443080209857396,0.2639054306324143,0
